Generation,Makespan
1,455.30
2,455.30
3,455.30
4,455.30
5,455.30
6,455.30
7,455.30
8,455.30
9,455.30
10,455.30
11,455.30
12,455.30
13,455.30
14,455.30
15,455.30
16,455.30
17,455.30
18,455.30
19,455.30
20,455.30
21,455.30
22,455.30
23,455.30
24,455.30
25,455.30
26,455.30
27,455.30
28,455.30
29,455.30
30,455.30
31,455.30
32,455.30
33,455.30
34,455.30
35,455.30
36,455.30
37,455.30
38,455.30
39,455.30
40,455.30
41,455.30
42,455.30
43,455.30
44,455.30
45,455.30
46,455.30
47,455.30
48,455.30
49,455.30
50,455.30
51,455.30
52,455.30
53,455.30
54,455.30
55,455.30
56,455.30
57,455.30
58,455.30
59,455.30
60,455.30
61,455.30
62,455.30
63,455.30
64,455.30
65,455.30
66,455.30
67,455.30
68,455.30
69,455.30
70,455.30
71,455.30
72,455.30
73,455.30
74,455.30
75,455.30
76,455.30
77,455.30
78,455.30
79,455.30
80,455.30
81,455.30
82,455.30
83,455.30
84,455.30
85,455.30
86,455.30
87,455.30
88,455.30
89,455.30
90,455.30
91,455.30
92,455.30
93,455.30
94,455.30
95,455.30
96,455.30
97,455.30
98,455.30
99,455.30
100,455.30
101,455.30
102,455.30
103,455.30
104,455.30
105,455.30
106,455.30
107,455.30
108,455.30
109,455.30
110,455.30
111,455.30
112,455.30
113,455.30
114,455.30
115,455.30
116,455.30
117,455.30
118,455.30
119,455.30
120,455.30
121,455.30
122,455.30
123,455.30
124,455.30
125,455.30
126,455.30
127,455.30
128,455.30
129,455.30
130,455.30
131,455.30
132,455.30
133,455.30
134,455.30
135,455.30
136,455.30
137,455.30
138,455.30
139,455.30
140,455.30
141,455.30
142,455.30
143,455.30
144,455.30
145,455.30
146,455.30
147,455.30
148,455.30
149,455.30
150,455.30
151,455.30
152,455.30
153,455.30
154,455.30
155,455.30
156,455.30
157,455.30
158,455.30
159,455.30
160,455.30
161,455.30
162,455.30
163,455.30
164,455.30
165,455.30
166,455.30
167,455.30
168,455.30
169,455.30
170,455.30
171,455.30
172,455.30
173,455.30
174,455.30
175,455.30
176,455.30
177,455.30
178,455.30
179,455.30
180,455.30
181,455.30
182,455.30
183,455.30
184,455.30
185,455.30
186,455.30
187,455.30
188,455.30
189,455.30
190,455.30
191,455.30
192,455.30
193,455.30
194,455.30
195,455.30
196,455.30
197,455.30
198,455.30
199,455.30
200,455.30
